loss,accuracy
2.074690103530884,0.7705000042915344
1.3834786415100098,0.8265416026115417
