loss,accuracy
1.5499554872512817,0.445900022983551
1.5455251932144165,0.44739994406700134
1.511823296546936,0.453900009393692
1.4996824264526367,0.46299999952316284
