loss,accuracy
3.2890706062316895,0.08300000429153442
2.6511504650115967,0.23235002160072327
1.692834496498108,0.42750000953674316
1.6073182821273804,0.44859999418258667
