loss,accuracy
1.4850422143936157,0.45660001039505005
1.4955658912658691,0.4582499563694
1.4838554859161377,0.45900002121925354
1.473650574684143,0.4675999581813812
