loss,accuracy
2.301947593688965,0.11083333194255829
2.2885079383850098,0.34845831990242004
2.0105648040771484,0.7516666650772095
1.2033514976501465,0.8300833106040955
