loss,accuracy
3.274827003479004,0.12299998849630356
2.1031131744384766,0.517416775226593
0.58843594789505,0.9120000600814819
0.5501170754432678,0.9133333563804626
