loss,accuracy
3.3586513996124268,0.12333332747220993
2.147146701812744,0.5170000791549683
0.5896016359329224,0.9072502851486206
0.5487937331199646,0.9119998216629028
