loss,accuracy
3.365081548690796,0.08166667073965073
2.667940855026245,0.476458340883255
1.019728422164917,0.8990833759307861
0.778093159198761,0.9027500152587891
