loss,accuracy
6.289083003997803,0.10869999974966049
5.685793399810791,0.23770001530647278
3.681429624557495,0.38669997453689575
2.806307077407837,0.3917999863624573
