loss,accuracy
2.0143566131591797,0.37400001287460327
2.008028030395508,0.37060004472732544
1.956178069114685,0.37279999256134033
1.9405877590179443,0.3845999836921692
