loss,accuracy
1.9154621362686157,0.3869999945163727
1.9210712909698486,0.3889999985694885
1.9097133874893188,0.3715999722480774
1.9004533290863037,0.37939995527267456
