loss,accuracy
3.5721371173858643,0.09709999710321426
3.3058242797851562,0.19464997947216034
2.3196637630462646,0.3676000237464905
2.077949285507202,0.375900000333786
