loss,accuracy
2.099299669265747,0.7551667094230652
1.4133405685424805,0.8200833201408386
1.0696344375610352,0.8478888273239136
0.8863303661346436,0.8633332848548889
0.772217869758606,0.8741666078567505
