loss,accuracy
2.1285579204559326,0.7500832676887512
1.4436287879943848,0.8175000548362732
