loss,accuracy
0.409423291683197,0.9225279092788696
0.37620022892951965,0.9227300882339478
