loss,accuracy
0.6407434940338135,0.9190835356712341
0.47110527753829956,0.9214578866958618
