loss,accuracy
0.34430384635925293,0.9254510402679443
0.33128049969673157,0.9262924194335938
