loss,accuracy
1.8263134956359863,0.8217499852180481
0.49948370456695557,0.8970000147819519
