loss,accuracy
0.35440966486930847,0.898361086845398
0.3202228248119354,0.9173333048820496
