loss,accuracy
0.30685028433799744,0.9174721240997314
0.29208001494407654,0.924916684627533
