loss,accuracy
2.0694050788879395,0.7556666731834412
1.3716214895248413,0.8217499256134033
