loss,accuracy
0.31871649622917175,0.916833221912384
0.31297072768211365,0.9175416827201843
