loss,accuracy
0.3773338794708252,0.9046667218208313
0.35530057549476624,0.9081249833106995
