loss,accuracy
0.611588180065155,0.8976666927337646
0.6123860478401184,0.8966667056083679
0.6092003583908081,0.8952500224113464
0.6095847487449646,0.9021666049957275
