loss,accuracy
0.6580590605735779,0.892916738986969
0.6489348411560059,0.8934581875801086
0.6258754730224609,0.8998333811759949
0.6170424222946167,0.8994166851043701
