loss,accuracy
0.6074606776237488,0.8975832462310791
0.6078358292579651,0.8975417017936707
0.603770911693573,0.9015833735466003
0.6049317717552185,0.9010000228881836
