loss,accuracy
2.612578868865967,0.10225000232458115
2.249122142791748,0.4193750321865082
0.9999273419380188,0.8630833625793457
0.7242017388343811,0.89041668176651
