loss,accuracy
0.6019040942192078,0.9008333086967468
0.6025905609130859,0.9013332724571228
0.6050028204917908,0.8996667265892029
0.603566586971283,0.9004166722297668
